t,x
0.0,270.0
0.03333317467872442,270.0
0.06666634935744883,270.0
0.09999952403617325,270.0
0.13333269871489767,402.5
0.1666658733936221,413.0
0.19999904807234653,419.5
0.23333222275107096,424.0
0.2666653974297954,417.0
0.2999985721085198,408.0
0.33333174678724425,399.0
0.3666649214659687,360.0
0.3999980961446931,328.0
0.43333127082341755,292.0
0.466664445502142,258.0
0.4999976201808664,229.0
0.5333307948595908,200.0
0.5666639695383152,174.5
0.5999971442170396,150.0
0.6333303188957641,365.5
0.6666634935744885,63.5
0.6999966682532129,83.0
0.7333298429319374,68.5
0.7666630176106618,57.5
0.7999961922893862,53.5
0.8333293669681107,53.5
0.8666625416468351,53.5
0.8999957163255595,53.5
0.933328891004284,62.5
0.9666620656830084,74.0
0.9999952403617328,97.5
1.0333284150404571,131.5
1.0666615897191816,142.5
1.099994764397906,164.5
1.1333279390766304,188.0
1.1666611137553549,215.5
1.1999942884340793,240.5
1.2333274631128037,268.0
1.2666606377915282,298.0
1.2999938124702526,324.0
1.333326987148977,345.5
1.3666601618277014,382.0
1.3999933365064259,397.0
1.4333265111851503,410.5
1.4666596858638747,420.5
1.4999928605425992,427.0
1.5333260352213236,433.5
1.566659209900048,426.5
1.5999923845787725,419.0
1.633325559257497,408.0
1.6666587339362213,393.5
1.6999919086149458,374.5
1.7333250832936702,349.0
1.7666582579723946,320.5
1.799991432651119,281.5
1.8333246073298435,252.0
1.866657782008568,224.5
1.8999909566872923,197.0
1.9333241313660168,172.0
1.9666573060447412,147.0
1.9999904807234656,136.0
2.03332365540219,71.0
2.0666568300809143,87.5
2.0999900047596385,80.5
2.1333231794383627,72.0
2.166656354117087,69.0
2.199989528795811,69.0
2.2333227034745353,69.0
2.2666558781532595,76.0
2.2999890528319837,82.5
2.333322227510708,93.5
2.366655402189432,126.5
2.3999885768681564,136.5
2.4333217515468806,151.0
2.466654926225605,174.0
2.499988100904329,197.5
2.533321275583053,225.5
2.5666544502617774,253.0
2.5999876249405016,280.5
2.633320799619226,305.0
2.66665397429795,337.5
2.6999871489766742,367.0
2.7333203236553985,386.0
2.7666534983341227,401.0
2.799986673012847,413.5
2.833319847691571,420.5
2.8666530223702953,423.0
2.8999861970490195,423.0
2.9333193717277437,419.0
2.966652546406468,413.0
2.999985721085192,400.0
3.0333188957639163,385.0
3.0666520704426405,364.0
3.0999852451213648,337.0
3.133318419800089,305.5
3.166651594478813,270.5
3.1999847691575374,242.5
3.2333179438362616,213.0
3.266651118514986,188.5
3.29998429319371,163.5
3.333317467872434,143.5
3.3666506425511584,132.5
3.3999838172298826,72.5
3.433316991908607,89.0
3.466650166587331,82.5
3.4999833412660553,75.5
3.5333165159447795,72.5
3.5666496906235037,72.0
3.599982865302228,75.0
3.633316039980952,84.0
3.6666492146596763,90.5
3.6999823893384005,72.0
3.7333155640171247,131.0
3.766648738695849,141.0
3.799981913374573,160.5
3.8333150880532973,181.0
3.8666482627320216,209.0
3.8999814374107458,236.0
3.93331461208947,263.5
3.966647786768194,290.5
3.9999809614469184,316.0
4.033314136125643,349.0
4.066647310804368,373.5
4.099980485483092,390.0
4.133313660161817,404.0
4.166646834840542,414.0
4.199980009519266,418.0
4.233313184197991,419.0
4.266646358876716,418.0
4.29997953355544,414.5
4.333312708234165,405.5
4.36664588291289,392.0
4.399979057591614,374.0
4.433312232270339,350.5
4.4666454069490635,326.0
4.499978581627788,289.0
4.533311756306513,261.0
4.5666449309852375,233.5
4.599978105663962,205.0
4.633311280342687,181.5
4.6666444550214115,157.0
4.699977629700136,140.0
4.733310804378861,129.5
4.766643979057585,100.5
4.79997715373631,89.5
4.833310328415035,83.5
4.866643503093759,80.0
4.899976677772484,78.5
4.933309852451209,79.0
4.966643027129933,81.5
4.999976201808658,88.5
5.033309376487383,97.0
5.066642551166107,127.0
5.099975725844832,136.0
5.133308900523557,148.0
5.166642075202281,173.0
5.199975249881006,195.0
5.2333084245597306,218.0
5.266641599238455,246.5
5.29997477391718,271.5
5.3333079485959045,299.0
5.366641123274629,334.0
5.399974297953354,357.5
5.4333074726320785,378.5
5.466640647310803,393.5
5.499973821989528,405.5
5.533306996668252,414.0
5.566640171346977,417.0
5.599973346025702,433.5
5.633306520704426,415.5
5.666639695383151,408.5
5.699972870061876,397.5
5.7333060447406,382.5
5.766639219419325,364.0
5.79997239409805,336.0
5.833305568776774,313.5
5.866638743455499,277.0
5.899971918134224,245.5
5.933305092812948,222.0
5.966638267491673,195.5
5.999971442170398,172.5
6.033304616849122,150.5
6.066637791527847,136.5
6.0999709662065715,127.5
6.133304140885296,99.0
6.166637315564021,90.5
6.1999704902427455,84.0
6.23330366492147,81.0
6.266636839600195,80.0
6.2999700142789195,81.5
6.333303188957644,85.5
6.366636363636369,94.0
6.399969538315093,117.5
6.433302712993818,131.5
6.466635887672543,142.0
6.499969062351267,160.0
6.533302237029992,181.0
6.566635411708717,204.5
6.599968586387441,231.5
6.633301761066166,256.5
6.666634935744891,285.0
6.699968110423615,320.0
6.73330128510234,340.5
6.766634459781065,365.5
6.799967634459789,383.0
6.833300809138514,396.0
6.8666339838172386,407.0
6.899967158495963,413.0
6.933300333174688,416.0
6.9666335078534125,415.0
6.999966682532137,410.5
7.033299857210862,401.0
7.0666330318895865,389.0
7.099966206568311,373.0
7.133299381247036,352.5
7.16663255592576,326.5
7.199965730604485,293.5
7.23329890528321,263.0
7.266632079961934,237.5
7.299965254640659,208.0
7.333298429319384,185.5
7.366631603998108,164.5
7.399964778676833,144.0
7.433297953355558,133.0
7.466631128034282,123.0
7.499964302713007,96.5
7.533297477391732,88.5
7.566630652070456,84.5
7.599963826749181,83.0
7.633297001427906,83.0
7.66663017610663,85.0
7.699963350785355,91.5
7.7332965254640795,100.5
7.766629700142804,127.5
7.799962874821529,136.5
7.8332960495002535,149.5
7.866629224178978,169.0
7.899962398857703,192.5
7.9332955735364274,216.0
7.966628748215152,243.0
7.999961922893877,264.0
8.033295097572601,295.0
8.066628272251325,328.5
8.099961446930049,351.5
8.133294621608773,371.5
8.166627796287496,386.5
8.19996097096622,399.0
8.233294145644944,407.0
8.266627320323668,412.5
8.299960495002392,425.0
8.333293669681115,410.5
8.366626844359839,404.0
8.399960019038563,393.5
8.433293193717287,379.5
8.46662636839601,361.5
8.499959543074734,338.5
8.533292717753458,313.5
8.566625892432182,277.0
8.599959067110905,252.5
8.63329224178963,226.5
8.666625416468353,199.5
8.699958591147077,178.0
8.7332917658258,158.0
8.766624940504524,140.0
8.799958115183248,130.0
8.833291289861972,117.0
8.866624464540696,94.0
8.89995763921942,87.5
8.933290813898143,84.5
8.966623988576867,83.5
8.99995716325559,86.0
9.033290337934314,90.0
9.066623512613038,95.0
9.099956687291762,121.5
9.133289861970486,132.5
9.16662303664921,142.0
9.199956211327933,161.0
9.233289386006657,179.0
9.26662256068538,203.5
9.299955735364104,225.5
9.333288910042828,253.0
9.366622084721552,276.5
9.399955259400276,311.0
9.433288434079,338.0
9.466621608757723,358.5
9.499954783436447,376.0
9.53328795811517,390.0
9.566621132793895,400.0
9.599954307472618,407.0
9.633287482151342,411.0
9.666620656830066,409.0
9.69995383150879,405.0
9.733287006187513,397.0
9.766620180866237,385.5
9.799953355544961,369.5
9.833286530223685,350.0
9.866619704902408,326.0
9.899952879581132,295.0
9.933286054259856,267.0
9.96661922893858,240.5
9.999952403617304,215.5
10.033285578296027,189.5
10.066618752974751,170.0
10.099951927653475,149.0
10.133285102332199,137.0
10.166618277010922,128.5
10.199951451689646,102.5
10.23328462636837,94.0
10.266617801047094,90.0
10.299950975725817,86.0
10.333284150404541,86.0
10.366617325083265,90.0
10.399950499761989,94.0
10.433283674440712,115.0
10.466616849119436,129.0
10.49995002379816,137.5
10.533283198476884,151.0
10.566616373155608,170.5
10.599949547834331,191.5
10.633282722513055,213.5
10.666615897191779,237.0
10.699949071870503,265.5
10.733282246549226,291.5
10.76661542122795,322.0
10.799948595906674,345.5
10.833281770585398,366.0
10.866614945264121,380.0
10.899948119942845,392.5
10.933281294621569,401.5
10.966614469300293,406.0
10.999947643979016,408.0
11.03328081865774,404.5
11.066613993336464,399.0
11.099947168015188,389.5
11.133280342693912,375.0
11.166613517372635,358.5
11.199946692051359,336.5
11.233279866730083,314.0
11.266613041408807,282.0
11.29994621608753,255.0
11.333279390766254,226.5
11.366612565444978,203.0
11.399945740123702,182.0
11.433278914802425,162.0
11.46661208948115,142.5
11.499945264159873,134.0
11.533278438838597,125.0
11.56661161351732,99.5
11.599944788196044,92.5
11.633277962874768,90.5
11.666611137553492,89.5
11.699944312232216,90.0
11.73327748691094,93.5
11.766610661589663,99.5
11.799943836268387,125.5
11.83327701094711,134.0
11.866610185625834,143.0
11.899943360304558,160.5
11.933276534983282,181.0
11.966609709662006,201.5
11.99994288434073,222.0
12.033276059019453,251.0
12.066609233698177,275.0
12.0999424083769,308.5
12.133275583055624,331.5
12.166608757734348,354.0
12.199941932413072,371.5
12.233275107091796,384.5
12.26660828177052,394.5
12.299941456449243,401.5
12.333274631127967,404.5
12.36660780580669,403.0
12.399940980485415,399.5
12.433274155164138,391.5
12.466607329842862,380.5
12.499940504521586,364.5
12.53327367920031,346.0
12.566606853879033,323.0
12.599940028557757,293.0
12.633273203236481,268.5
12.666606377915205,240.0
12.699939552593928,217.0
12.733272727272652,193.0
12.766605901951376,173.0
12.7999390766301,154.5
12.833272251308824,139.0
12.866605425987547,130.5
12.899938600666271,119.0
12.933271775344995,98.0
12.966604950023719,92.5
12.999938124702442,91.5
13.033271299381166,91.5
13.06660447405989,93.5
13.099937648738614,98.0
13.133270823417337,120.0
13.166603998096061,131.0
13.199937172774785,139.0
13.233270347453509,154.0
13.266603522132232,170.0
13.299936696810956,190.5
13.33326987148968,212.0
13.366603046168404,237.0
13.399936220847128,262.5
13.433269395525851,290.5
13.466602570204575,320.0
13.499935744883299,340.5
13.533268919562023,359.0
13.566602094240746,375.0
13.59993526891947,387.0
13.633268443598194,395.5
13.666601618276918,399.5
13.699934792955641,401.5
13.733267967634365,399.0
13.766601142313089,393.5
13.799934316991813,384.0
13.833267491670536,370.5
13.86660066634926,353.5
13.899933841027984,332.5
13.933267015706708,305.5
13.966600190385432,276.5
13.999933365064155,256.0
14.033266539742879,229.0
14.066599714421603,204.5
14.099932889100327,184.0
14.13326606377905,163.5
14.166599238457774,147.0
14.199932413136498,136.0
14.233265587815222,128.5
14.266598762493945,115.0
14.29993193717267,96.0
14.333265111851393,92.5
14.366598286530117,92.5
14.39993146120884,93.0
14.433264635887564,96.0
14.466597810566288,115.5
14.499930985245012,128.0
14.533264159923736,135.5
14.56659733460246,145.0
14.599930509281183,162.0
14.633263683959907,180.5
14.66659685863863,203.0
14.699930033317354,224.5
14.733263207996078,248.5
14.766596382674802,276.0
14.799929557353526,306.0
14.83326273203225,331.5
14.866595906710973,350.5
14.899929081389697,364.0
14.93326225606842,379.5
14.966595430747144,389.0
14.999928605425868,395.5
15.033261780104592,398.5
15.066594954783316,398.0
15.09992812946204,394.0
15.133261304140763,386.0
15.166594478819487,375.5
15.19992765349821,360.0
15.233260828176935,342.5
15.266594002855658,317.5
15.299927177534382,289.0
15.333260352213106,265.0
15.36659352689183,239.5
15.399926701570553,214.0
15.433259876249277,195.0
15.466593050928001,172.5
15.499926225606725,154.5
15.533259400285448,140.5
15.566592574964172,132.5
15.599925749642896,124.0
15.63325892432162,104.0
15.666592099000344,100.0
15.699925273679067,93.5
15.733258448357791,93.5
15.766591623036515,95.0
15.799924797715239,113.0
15.833257972393962,125.0
15.866591147072686,133.0
15.89992432175141,141.0
15.933257496430134,155.0
15.966590671108857,174.5
15.999923845787581,194.5
16.033257020466305,215.0
16.06659019514503,237.5
16.099923369823752,265.0
16.133256544502476,289.0
16.1665897191812,317.0
16.199922893859924,337.0
16.233256068538648,357.5
16.26658924321737,371.0
16.299922417896095,382.5
16.33325559257482,389.5
16.366588767253543,395.0
16.399921941932266,396.0
16.43325511661099,393.5
16.466588291289714,387.5
16.499921465968438,378.0
16.53325464064716,365.0
16.566587815325885,349.5
16.59992099000461,327.5
16.633254164683333,299.0
16.666587339362056,275.0
16.69992051404078,253.0
16.733253688719504,228.0
16.766586863398228,206.0
16.79992003807695,184.5
16.833253212755675,166.5
16.8665863874344,147.5
16.899919562113123,137.0
16.933252736791847,129.5
16.96658591147057,120.0
16.999919086149294,103.0
17.033252260828018,114.5
17.06658543550674,95.5
17.099918610185465,95.5
17.13325178486419,100.5
17.166584959542913,121.5
17.199918134221637,130.0
17.23325130890036,137.5
17.266584483579084,148.0
17.299917658257808,165.5
17.333250832936532,187.0
17.366584007615256,205.0
17.39991718229398,224.5
17.433250356972703,249.5
17.466583531651427,282.0
17.49991670633015,302.5
17.533249881008874,329.0
17.566583055687598,348.0
17.599916230366322,362.0
17.633249405045046,375.0
17.66658257972377,384.0
17.699915754402493,390.0
17.733248929081217,392.5
17.76658210375994,391.5
17.799915278438665,388.0
17.83324845311739,380.0
17.866581627796112,369.0
17.899914802474836,355.5
17.93324797715356,335.0
17.966581151832283,308.0
17.999914326511007,289.0
18.03324750118973,264.5
18.066580675868455,240.0
18.09991385054718,215.5
18.133247025225902,195.5
18.166580199904626,175.0
18.19991337458335,158.0
18.233246549262073,141.5
18.266579723940797,134.0
18.29991289861952,127.5
18.333246073298245,118.0
18.36657924797697,102.0
18.399912422655692,99.0
18.433245597334416,99.0
18.46657877201314,101.0
18.499911946691864,118.5
18.533245121370587,129.0
18.56657829604931,135.0
18.599911470728035,142.5
18.63324464540676,160.5
18.666577820085482,177.0
18.699910994764206,196.0
18.73324416944293,218.5
18.766577344121654,239.0
18.799910518800377,264.0
18.8332436934791,292.0
18.866576868157825,316.5
18.89991004283655,337.5
18.933243217515273,354.5
18.966576392193996,367.5
18.99990956687272,378.0
19.033242741551444,385.0
19.066575916230168,388.5
19.09990909090889,389.0
19.133242265587615,387.5
19.16657544026634,381.0
19.199908614945063,372.0
19.233241789623786,359.0
19.26657496430251,342.0
19.299908138981234,317.5
19.333241313659958,294.5
19.36657448833868,272.5
19.399907663017405,250.5
19.43324083769613,226.5
19.466574012374853,205.0
19.499907187053577,185.0
19.5332403617323,167.0
19.566573536411024,149.0
19.599906711089748,138.0
19.63323988576847,131.0
19.666573060447195,124.0
19.69990623512592,115.5
19.733239409804643,102.0
19.766572584483367,102.0
19.79990575916209,102.5
19.833238933840814,117.0
19.866572108519538,127.0
19.89990528319826,133.5
19.933238457876985,139.5
19.96657163255571,152.5
19.999904807234433,169.0
20.033237981913157,188.5
20.06657115659188,210.0
20.099904331270604,232.0
20.133237505949328,252.5
20.166570680628052,282.5
20.199903855306776,303.5
20.2332370299855,326.0
20.266570204664223,344.5
20.299903379342947,360.5
20.33323655402167,371.5
20.366569728700394,379.5
20.399902903379118,385.0
20.433236078057842,387.0
20.466569252736566,384.5
20.49990242741529,381.5
20.533235602094013,373.5
20.566568776772737,362.5
20.59990195145146,344.0
20.633235126130185,324.0
20.66656830080891,303.5
20.699901475487632,285.0
20.733234650166356,258.5
20.76656782484508,235.0
20.799900999523803,213.5
20.833234174202527,193.0
20.86656734888125,174.5
20.899900523559975,158.0
20.9332336982387,142.5
20.966566872917422,135.0
20.999900047596146,128.5
21.03323322227487,121.0
21.066566396953593,114.0
21.099899571632317,111.0
21.13323274631104,111.5
21.166565920989765,116.5
21.19989909566849,124.0
21.233232270347212,131.0
21.266565445025936,137.5
21.29989861970466,146.5
21.333231794383384,163.5
21.366564969062107,181.0
21.39989814374083,198.5
21.433231318419555,220.0
21.46656449309828,242.0
21.499897667777002,267.0
21.533230842455726,290.5
21.56656401713445,317.0
21.599897191813174,336.0
21.633230366491897,352.0
21.66656354117062,363.0
21.699896715849345,374.0
21.73322989052807,380.5
21.766563065206793,383.5
21.799896239885516,384.0
21.83322941456424,381.0
21.866562589242964,374.0
21.899895763921688,363.5
21.93322893860041,348.0
21.966562113279135,327.5
21.99989528795786,312.0
22.033228462636583,290.5
22.066561637315306,269.0
22.09989481199403,246.0
22.133227986672754,224.5
22.166561161351478,201.5
22.1998943360302,185.5
22.233227510708925,165.5
22.26656068538765,149.0
22.299893860066373,138.5
22.333227034745097,132.0
22.36656020942382,126.5
22.399893384102544,118.5
22.433226558781268,119.0
22.46655973345999,118.5
22.499892908138715,116.5
22.53322608281744,123.0
22.566559257496163,130.0
22.599892432174887,135.5
22.63322560685361,143.0
22.666558781532334,159.0
22.699891956211058,175.5
22.73322513088978,192.5
22.766558305568505,212.0
22.79989148024723,230.0
22.833224654925953,259.0
22.866557829604677,284.5
22.8998910042834,306.0
22.933224178962124,326.0
22.966557353640848,342.0
22.999890528319572,356.5
23.033223702998296,368.5
23.06655687767702,375.5
23.099890052355743,379.5
23.133223227034467,380.5
23.16655640171319,380.0
23.199889576391914,375.0
23.233222751070638,360.5
23.266555925749362,351.0
23.299889100428086,334.5
23.33322227510681,317.0
23.366555449785533,297.5
23.399888624464257,279.5
23.43322179914298,256.0
23.466554973821705,235.0
23.49988814850043,212.0
23.533221323179152,192.5
23.566554497857876,174.0
23.5998876725366,159.0
23.633220847215323,142.5
23.666554021894047,135.5
23.69988719657277,130.5
23.733220371251495,123.5
23.76655354593022,117.5
23.799886720608942,116.0
23.833219895287666,117.0
23.86655306996639,121.5
23.899886244645113,129.0
23.933219419323837,134.0
23.96655259400256,140.5
23.999885768681285,152.5
24.03321894336001,167.0
24.066552118038732,186.0
24.099885292717456,204.5
24.13321846739618,223.0
24.166551642074904,244.5
24.199884816753627,268.0
24.23321799143235,292.5
24.266551166111075,316.0
24.2998843407898,334.5
24.333217515468522,348.5
24.366550690147246,362.0
24.39988386482597,370.5
24.433217039504694,375.5
24.466550214183417,378.0
24.49988338886214,377.5
24.533216563540865,369.0
24.56654973821959,361.0
24.599882912898313,352.5
24.633216087577036,340.5
24.66654926225576,322.5
24.699882436934484,304.5
24.733215611613208,287.5
24.76654878629193,265.0
24.799881960970655,242.0
24.83321513564938,219.5
24.866548310328103,199.0
24.899881485006826,182.5
24.93321465968555,164.5
24.966547834364274,148.0
24.999881009042998,139.0
25.03321418372172,133.0
25.066547358400445,128.5
25.09988053307917,121.5
25.133213707757893,118.5
25.166546882436617,118.5
25.19988005711534,121.5
25.233213231794064,128.0
25.266546406472788,132.5
25.29987958115151,138.5
25.333212755830235,146.5
25.36654593050896,162.0
25.399879105187683,178.0
25.433212279866407,196.5
25.46654545454513,216.5
25.499878629223854,238.0
25.533211803902578,262.0
25.5665449785813,287.0
25.599878153260025,307.0
25.63321132793875,325.5
25.666544502617473,341.5
25.699877677296197,355.5
25.73321085197492,365.0
25.766544026653644,370.5
25.799877201332368,372.5
25.833210376011092,371.0
25.866543550689816,367.5
25.89987672536854,361.5
25.933209900047263,353.5
25.966543074725987,342.0
25.99987624940471,329.0
26.033209424083434,311.0
26.066542598762158,292.5
26.099875773440882,272.0
26.133208948119606,249.5
26.16654212279833,229.5
26.199875297477053,211.0
26.233208472155777,189.5
26.2665416468345,172.5
26.299874821513225,155.0
26.33320799619195,142.5
26.366541170870672,135.5
26.399874345549396,131.0
26.43320752022812,126.0
26.466540694906843,121.0
26.499873869585567,120.0
26.53320704426429,121.5
26.566540218943015,127.0
26.59987339362174,131.5
26.633206568300462,136.5
26.666539742979186,143.5
26.69987291765791,158.0
26.733206092336633,173.0
26.766539267015357,190.5
26.79987244169408,208.5
26.833205616372805,228.0
26.86653879105153,250.5
26.899871965730252,269.5
26.933205140408976,295.0
26.9665383150877,316.5
26.999871489766424,335.0
27.033204664445147,346.0
27.06653783912387,359.5
27.099871013802595,367.0
27.13320418848132,366.5
27.166537363160042,366.0
27.199870537838766,365.5
27.23320371251749,362.5
27.266536887196214,355.0
27.299870061874937,345.5
27.33320323655366,330.5
27.366536411232385,315.0
27.39986958591111,298.0
27.433202760589833,279.5
27.466535935268556,260.5
27.49986910994728,239.0
27.533202284626004,217.0
27.566535459304728,199.0
27.59986863398345,179.5
27.633201808662175,163.0
27.6665349833409,147.5
27.699868158019623,139.0
27.733201332698346,133.5
27.76653450737707,129.0
27.799867682055794,125.0
27.833200856734518,122.0
27.86653403141324,123.0
27.899867206091965,127.0
27.93320038077069,130.5
27.966533555449413,135.5
27.999866730128137,141.5
28.03319990480686,154.5
28.066533079485584,168.0
28.099866254164308,185.5
28.13319942884303,205.0
28.166532603521755,223.0
28.19986577820048,241.5
28.233198952879203,267.5
28.266532127557927,288.0
28.29986530223665,309.0
28.333198476915374,325.5
28.366531651594098,340.0
28.39986482627282,353.0
28.433198000951545,359.0
28.46653117563027,359.5
28.499864350308993,363.0
28.533197524987717,363.5
28.56653069966644,360.5
28.599863874345164,355.0
28.633197049023888,346.5
28.666530223702612,335.0
28.699863398381336,319.0
28.73319657306006,302.5
28.766529747738783,284.0
28.799862922417507,267.0
28.83319609709623,245.5
28.866529271774954,224.5
28.899862446453678,204.5
28.933195621132402,187.0
28.966528795811126,168.5
28.99986197048985,155.0
29.033195145168573,142.0
29.066528319847297,136.0
29.09986149452602,131.5
29.133194669204745,128.0
29.16652784388347,124.5
29.199861018562192,124.0
29.233194193240916,127.0
29.26652736791964,130.5
29.299860542598363,134.5
29.333193717277087,140.0
29.36652689195581,148.5
29.399860066634535,163.5
29.43319324131326,178.5
29.466526415991982,195.5
29.499859590670706,214.5
29.53319276534943,235.5
29.566525940028153,255.5
29.599859114706877,281.5
29.6331922893856,301.0
29.666525464064325,320.5
29.69985863874305,335.0
29.733191813421772,346.0
29.766524988100496,354.0
29.79985816277922,358.0
29.833191337457944,359.5
29.866524512136667,360.5
29.89985768681539,360.0
29.933190861494115,355.5
29.96652403617284,347.0
29.999857210851562,338.5
30.033190385530286,324.0
30.06652356020901,310.5
30.099856734887734,291.5
30.133189909566457,271.0
30.16652308424518,254.0
30.199856258923905,233.5
30.23318943360263,213.5
30.266522608281353,192.5
30.299855782960076,176.5
30.3331889576388,162.5
30.366522132317524,146.5
30.399855306996248,139.0
30.43318848167497,134.0
30.466521656353695,130.5
30.49985483103242,127.5
30.533188005711143,126.0
30.566521180389866,127.0
30.59985435506859,130.0
30.633187529747314,133.5
30.666520704426038,138.5
30.69985387910476,144.5
30.733187053783485,161.0
30.76652022846221,175.0
30.799853403140933,192.5
30.833186577819657,207.5
30.86651975249838,226.0
30.899852927177104,246.5
30.933186101855828,265.5
30.96651927653455,290.0
30.999852451213275,306.5
31.033185625892,327.5
31.066518800570723,341.0
31.099851975249447,345.5
31.13318514992817,352.5
31.166518324606894,356.5
31.199851499285618,359.0
31.23318467396434,359.0
31.266517848643065,356.0
31.29985102332179,349.0
31.333184198000513,340.5
31.366517372679237,326.0
31.39985054735796,312.5
31.433183722036684,295.0
31.466516896715408,278.5
31.499850071394132,259.5
31.533183246072856,238.0
31.56651642075158,218.5
31.599849595430303,202.0
31.633182770109027,184.0
31.66651594478775,168.0
31.699849119466474,155.0
31.733182294145198,142.0
31.766515468823922,136.0
31.799848643502646,132.5
31.83318181818137,129.5
31.866514992860093,137.0
31.899848167538817,128.0
31.93318134221754,130.0
31.966514516896265,133.0
31.99984769157499,137.5
32.033180866253716,143.5
32.06651404093244,156.0
32.09984721561116,169.5
32.13318039028989,185.5
32.16651356496861,204.5
32.199846739647334,222.0
32.23317991432606,240.5
32.26651308900478,260.5
32.299846263683506,283.5
32.33317943836223,304.5
32.36651261304095,317.0
32.39984578771968,329.5
32.4331789623984,340.5
32.466512137077125,349.0
32.49984531175585,354.0
32.53317848643457,356.0
32.566511661113296,356.5
32.59984483579202,355.5
32.63317801047074,351.0
32.66651118514947,342.0
32.69984435982819,330.5
32.733177534506915,315.0
32.76651070918564,302.0
32.79984388386436,284.0
32.833177058543086,265.5
32.86651023322181,245.5
32.89984340790053,225.0
32.93317658257926,206.5
32.96650975725798,190.5
32.999842931936705,174.0
33.03317610661543,160.0
33.06650928129415,146.5
33.099842455972876,138.5
33.1331756306516,134.5
33.166508805330324,131.0
33.19984198000905,129.0
33.23317515468777,128.5
33.266508329366495,130.0
33.29984150404522,132.5
33.33317467872394,136.5
33.366507853402666,141.5
33.39984102808139,152.5
33.433174202760114,164.0
33.46650737743884,182.0
33.49984055211756,198.0
33.533173726796285,215.5
33.56650690147501,234.5
33.59984007615373,253.5
33.633173250832456,281.0
33.66650642551118,294.5
33.699839600189904,310.5
33.73317277486863,321.5
33.76650594954735,335.5
33.799839124226075,343.5
33.8331722989048,350.0
33.86650547358352,354.0
33.89983864826225,355.0
33.93317182294097,354.0
33.966504997619694,350.5
33.99983817229842,342.5
34.03317134697714,332.5
34.066504521655865,320.0
34.09983769633459,305.0
34.13317087101331,289.5
34.16650404569204,270.5
34.19983722037076,252.0
34.233170395049484,234.0
34.26650356972821,215.0
34.29983674440693,197.0
34.333169919085655,180.5
34.36650309376438,165.5
34.3998362684431,153.0
34.43316944312183,141.5
34.46650261780055,136.5
34.499835792479274,133.0
34.533168967158,130.5
34.56650214183672,129.5
34.599835316515446,130.5
34.63316849119417,132.5
34.66650166587289,136.0
34.69983484055162,141.0
34.73316801523034,147.5
34.766501189909064,163.5
34.79983436458779,175.5
34.83316753926651,192.0
34.866500713945236,209.5
34.89983388862396,231.0
34.93316706330268,246.5
34.96650023798141,268.5
34.99983341266013,285.0
35.033166587338854,303.5
35.06649976201758,318.5
35.0998329366963,330.0
35.133166111375026,340.0
35.16649928605375,346.0
35.19983246073247,351.0
35.2331656354112,353.0
35.26649881008992,352.0
35.299831984768645,350.5
35.33316515944737,343.5
35.36649833412609,335.0
35.399831508804816,323.5
35.43316468348354,310.5
35.46649785816226,294.5
35.49983103284099,273.0
35.53316420751971,256.5
35.566497382198435,240.0
35.59983055687716,218.0
35.63316373155588,202.5
35.666496906234606,186.5
35.69983008091333,171.5
35.73316325559205,157.5
35.76649643027078,145.0
35.7998296049495,139.0
35.833162779628225,135.0
35.86649595430695,132.0
35.89982912898567,130.5
35.933162303664396,131.0
35.96649547834312,132.5
35.999828653021844,135.5
36.03316182770057,140.0
36.06649500237929,146.0
36.099828177058015,159.5
36.13316135173674,172.5
36.16649452641546,188.0
36.199827701094186,204.0
36.23316087577291,221.0
36.266494050451634,239.5
36.29982722513036,264.0
36.33316039980908,275.5
36.366493574487805,294.0
36.39982674916653,311.0
36.43315992384525,323.0
36.466493098523976,336.5
36.4998262732027,343.5
36.533159447881424,348.5
36.56649262256015,349.5
36.59982579723887,350.0
36.633158971917595,348.5
36.66649214659632,344.0
36.69982532127504,335.0
36.73315849595377,324.5
36.76649167063249,312.5
36.799824845311214,297.0
36.83315801998994,281.5
36.86649119466866,265.0
36.899824369347385,245.5
36.93315754402611,224.0
36.96649071870483,206.0
36.99982389338356,193.0
37.03315706806228,175.5
37.066490242741004,162.0
37.09982341741973,149.0
37.13315659209845,141.5
37.166489766777175,136.5
37.1998229414559,133.5
37.23315611613462,132.0
37.26648929081335,131.5
37.29982246549207,133.0
37.333155640170794,135.5
37.36648881484952,139.0
37.39982198952824,144.0
37.433155164206966,155.5
37.46648833888569,168.0
37.49982151356441,183.5
37.53315468824314,200.5
37.56648786292186,218.0
37.599821037600584,234.0
37.63315421227931,253.0
37.66648738695803,272.0
37.699820561636756,289.5
37.73315373631548,307.5
37.7664869109942,315.5
37.79982008567293,328.0
37.83315326035165,338.0
37.866486435030374,344.0
37.8998196097091,347.0
37.93315278438782,348.0
37.966485959066546,347.0
37.99981913374527,342.5
38.03315230842399,336.5
38.06648548310272,326.0
38.09981865778144,313.5
38.133151832460165,301.0
38.16648500713889,287.0
38.19981818181761,269.0
38.233151356496336,251.5
38.26648453117506,232.5
38.29981770585378,214.5
38.33315088053251,198.0
38.36648405521123,181.0
38.399817229889955,166.0
38.43315040456868,156.5
38.4664835792474,143.5
38.499816753926126,138.5
38.53314992860485,135.0
38.56648310328357,133.0
38.5998162779623,132.5
38.63314945264102,133.0
38.666482627319745,135.0
38.69981580199847,138.5
38.73314897667719,145.0
38.766482151355916,152.0
38.79981532603464,164.5
38.833148500713364,178.5
38.86648167539209,196.0
38.89981485007081,212.0
38.933148024749535,231.0
38.96648119942826,250.0
38.99981437410698,268.5
39.033147548785706,285.5
39.06648072346443,300.0
39.099813898143154,312.0
39.13314707282188,323.5
39.1664802475006,333.5
39.199813422179325,338.0
39.23314659685805,344.0
39.26647977153677,346.0
39.299812946215496,345.0
39.33314612089422,343.5
39.366479295572944,334.5
39.39981247025167,329.5
39.43314564493039,316.5
39.466478819609115,304.5
39.49981199428784,290.5
39.53314516896656,271.5
39.56647834364529,255.5
39.59981151832401,238.5
39.633144693002734,221.5
39.66647786768146,203.5
39.69981104236018,188.5
39.733144217038905,171.5
39.76647739171763,160.0
39.79981056639635,146.5
39.83314374107508,140.5
39.8664769157538,137.0
39.899810090432524,134.5
39.93314326511125,133.5
39.96647643978997,133.5
39.999809614468695,135.5
40.03314278914742,138.0
40.06647596382614,142.5
40.09980913850487,149.5
40.13314231318359,163.5
40.166475487862314,177.0
40.19980866254104,189.5
40.23314183721976,210.5
40.266475011898486,224.0
40.29980818657721,240.0
40.33314136125593,260.0
40.36647453593466,283.5
40.39980771061338,294.0
40.433140885292104,309.0
40.46647405997083,320.0
40.49980723464955,330.5
40.533140409328276,335.0
40.566473584007,343.0
40.59980675868572,344.0
40.63313993336445,344.0
40.66647310804317,343.0
40.699806282721894,336.0
40.73313945740062,329.5
40.76647263207934,320.0
40.799805806758066,308.5
40.83313898143679,294.5
40.86647215611551,280.0
40.89980533079424,260.0
40.93313850547296,242.5
40.966471680151685,224.5
40.99980485483041,206.0
41.03313802950913,193.5
41.066471204187856,177.0
41.09980437886658,164.5
41.1331375535453,154.0
41.16647072822403,143.5
41.19980390290275,139.5
41.233137077581475,136.0
41.2664702522602,134.5
41.29980342693892,134.5
41.333136601617646,135.5
41.36646977629637,138.0
41.39980295097509,142.5
41.43313612565382,152.0
41.46646930033254,160.5
41.499802475011265,172.5
41.53313564968999,187.5
41.56646882436871,202.0
41.599801999047436,218.0
41.63313517372616,235.5
41.666468348404884,254.5
41.69980152308361,269.5
41.73313469776233,286.0
41.766467872441055,301.0
41.79980104711978,311.5
41.8331342217985,322.5
41.866467396477226,331.5
41.89980057115595,336.5
41.933133745834674,341.5
41.9664669205134,342.5
41.99980009519212,340.5
42.033133269870845,334.5
42.06646644454957,331.0
42.09979961922829,321.0
42.133132793907016,310.5
42.16646596858574,296.5
42.199799143264464,280.5
42.23313231794319,265.5
42.26646549262191,249.5
42.299798667300635,226.5
42.33313184197936,213.5
42.36646501665808,198.0
42.39979819133681,183.0
42.43313136601553,170.0
42.466464540694254,156.0
42.49979771537298,146.0
42.5331308900517,141.0
42.566464064730425,137.5
42.59979723940915,136.0
42.63313041408787,135.5
42.6664635887666,136.0
42.69979676344532,138.0
42.733129938124044,142.5
42.76646311280277,150.5
42.79979628748149,160.5
42.833129462160215,171.0
42.86646263683894,186.5
42.89979581151766,199.5
42.93312898619639,216.5
42.96646216087511,232.5
42.999795335553834,248.0
43.03312851023256,267.0
43.06646168491128,281.5
43.099794859590006,294.5
43.13312803426873,307.5
43.16646120894745,320.0
43.19979438362618,328.5
43.2331275583049,333.0
43.266460732983624,337.5
43.29979390766235,340.5
43.33312708234107,340.0
43.366460257019796,337.5
43.39979343169852,330.0
43.43312660637724,320.5
43.46645978105597,311.5
43.49979295573469,299.0
43.533126130413415,284.0
43.56645930509214,269.5
43.59979247977086,253.0
43.633125654449586,233.5
43.66645882912831,219.5
43.69979200380703,202.5
43.73312517848576,184.5
43.76645835316448,173.0
43.799791527843205,160.5
43.83312470252193,152.5
43.86645787720065,144.0
43.899791051879376,140.5
43.9331242265581,137.0
43.96645740123682,136.5
43.99979057591555,136.5
44.03312375059427,139.0
44.066456925272995,142.0
44.09979009995172,149.5
44.13312327463044,159.0
44.166456449309166,170.0
44.19978962398789,182.5
44.233122798666614,198.0
44.26645597334534,213.5
44.29978914802406,228.0
44.333122322702785,245.0
44.36645549738151,263.0
44.39978867206023,277.0
44.433121846738956,292.5
44.46645502141768,304.5
44.499788196096404,314.5
44.53312137077513,325.0
44.56645454545385,331.5
44.599787720132575,334.0
44.6331208948113,336.5
44.66645406949002,336.5
44.699787244168746,335.5
44.73312041884747,330.0
44.766453593526194,321.5
44.79978676820492,313.0
44.83311994288364,301.0
44.866453117562365,289.0
44.89978629224109,272.0
44.93311946691981,256.0
44.966452641598536,239.5
44.99978581627726,222.0
45.033118990955984,205.5
45.06645216563471,190.5
45.09978534031343,177.5
45.133118514992155,165.5
45.16645168967088,154.5
45.1997848643496,150.5
45.23311803902833,142.0
45.26645121370705,139.0
45.299784388385774,137.0
45.3331175630645,137.5
45.36645073774322,139.0
45.399783912421945,142.0
45.43311708710067,151.0
45.46645026177939,155.5
45.49978343645812,169.0
45.53311661113684,180.5
45.566449785815564,191.0
45.59978296049429,206.5
45.63311613517301,223.5
45.666449309851735,239.5
45.69978248453046,255.0
45.73311565920918,270.5
45.76644883388791,288.0
45.79978200856663,299.5
45.833115183245354,312.5
45.86644835792408,320.5
45.8997815326028,329.0
45.933114707281526,332.5
45.96644788196025,334.0
45.99978105663897,335.5
46.0331142313177,335.0
46.06644740599642,330.0
46.099780580675144,323.5
46.13311375535387,314.0
46.16644693003259,302.0
46.199780104711316,291.0
46.23311327939004,278.5
46.26644645406876,261.5
46.29977962874749,241.0
46.33311280342621,227.5
46.366445978104935,213.5
46.39977915278366,197.5
46.43311232746238,184.0
46.466445502141106,170.5
46.49977867681983,160.0
46.53311185149855,152.0
46.56644502617728,144.5
46.599778200856,141.0
46.633111375534725,139.0
46.66644455021345,138.0
46.69977772489217,139.0
46.733110899570896,141.5
46.76644407424962,147.5
46.79977724892834,155.0
46.83311042360707,165.5
46.86644359828579,176.5
46.899776772964515,188.5
46.93310994764324,204.0
46.96644312232196,219.5
46.999776297000686,235.0
47.03310947167941,252.5
47.066442646358134,268.5
47.09977582103686,282.0
47.13310899571558,296.0
47.166442170394305,306.5
47.19977534507303,317.0
47.23310851975175,325.5
47.266441694430476,331.5
47.2997748691092,334.0
47.333108043787924,334.5
47.36644121846665,334.0
47.39977439314537,331.5
47.433107567824095,325.0
47.46644074250282,314.0
47.49977391718154,307.0
47.533107091860266,292.5
47.56644026653899,280.5
47.599773441217714,264.5
47.63310661589644,246.5
47.66643979057516,231.0
47.699772965253885,216.5
47.73310613993261,202.0
47.76643931461133,187.0
47.799772489290056,173.0
47.83310566396878,164.5
47.866438838647504,153.5
47.89977201332623,150.0
47.93310518800495,142.5
47.966438362683675,140.5
47.9997715373624,140.0
48.03310471204112,140.5
48.06643788671985,142.5
48.09977106139857,150.5
48.133104236077294,154.5
48.16643741075602,165.0
48.19977058543474,173.5
48.233103760113465,188.5
48.26643693479219,202.0
48.29977010947091,216.0
48.33310328414964,233.0
48.36643645882836,250.0
48.399769633507084,264.0
48.43310280818581,279.5
48.46643598286453,292.0
48.499769157543255,304.5
48.53310233222198,313.0
48.5664355069007,321.0
48.59976868157943,327.0
48.63310185625815,332.0
48.666435030936874,332.5
48.6997682056156,333.5
48.73310138029432,329.5
48.766434554973046,323.5
48.79976772965177,315.0
48.83310090433049,307.0
48.86643407900922,295.5
48.89976725368794,282.0
48.933100428366664,267.0
48.96643360304539,253.0
48.99976677772411,237.5
49.033099952402836,220.5
49.06643312708156,204.0
49.09976630176028,190.0
49.13309947643901,180.0
49.16643265111773,166.0
49.199765825796455,158.5
49.23309900047518,151.5
49.2664321751539,144.0
49.299765349832626,142.0
49.33309852451135,141.0
49.36643169919007,141.5
49.3997648738688,143.5
49.43309804854752,146.5
49.466431223226245,154.0
49.49976439790497,163.5
49.53309757258369,172.5
49.566430747262416,186.0
49.59976392194114,198.5
49.63309709661986,214.5
49.66643027129859,226.0
49.69976344597731,241.5
49.733096620656035,260.5
49.76642979533476,275.5
49.79976297001348,289.0
49.833096144692206,300.0
49.86642931937093,311.0
49.899762494049654,319.0
49.93309566872838,325.5
49.9664288434071,329.0
49.999762018085825,331.0
50.03309519276455,330.5
50.06642836744327,330.5
50.099761542121996,323.5
50.13309471680072,318.0
50.166427891479444,309.0
50.19976106615817,297.0
50.23309424083689,283.5
50.266427415515615,270.5
50.29976059019434,257.5
50.33309376487306,239.0
50.366426939551786,223.0
50.39976011423051,210.0
50.433093288909234,196.0
50.46642646358796,183.0
50.49975963826668,170.5
50.533092812945405,160.5
50.56642598762413,153.0
50.59975916230285,146.0
50.633092336981576,143.5
50.6664255116603,142.0
50.699758686339024,142.0
50.73309186101775,144.5
50.76642503569647,147.5
50.799758210375195,153.5
50.83309138505392,163.0
50.86642455973264,171.0
50.89975773441137,183.5
50.93309090909009,196.5
50.966424083768814,212.5
50.99975725844754,223.0
51.03309043312626,239.0
51.066423607804985,254.0
51.09975678248371,270.0
51.13308995716243,282.5
51.16642313184116,296.0
51.19975630651988,308.0
51.233089481198604,317.0
51.26642265587733,322.5
51.29975583055605,327.0
51.333089005234775,329.0
51.3664221799135,329.0
51.39975535459222,328.5
51.43308852927095,323.5
51.46642170394967,318.0
51.499754878628394,310.5
51.53308805330712,298.5
51.56642122798584,287.5
51.599754402664566,275.5
51.63308757734329,259.0
51.66642075202201,240.5
51.69975392670074,228.5
51.73308710137946,214.0
51.766420276058184,200.0
51.79975345073691,186.5
51.83308662541563,174.0
51.866419800094356,164.0
51.89975297477308,154.5
51.9330861494518,151.0
51.96641932413053,145.5
51.99975249880925,144.0
52.033085673487975,144.0
52.0664188481667,145.0
52.09975202284542,147.0
52.133085197524146,153.0
52.16641837220287,162.5
52.19975154688159,170.0
52.23308472156032,178.5
52.26641789623904,195.5
52.299751070917765,211.5
52.33308424559649,222.0
52.36641742027521,236.5
52.399750594953936,253.0
52.43308376963266,267.5
52.46641694431138,280.5
52.49975011899011,291.0
52.53308329366883,304.5
52.566416468347555,312.5
52.59974964302628,320.0
52.633082817705,325.0
52.666415992383726,327.0
52.69974916706245,327.5
52.733082341741174,327.0
52.7664155164199,325.0
52.79974869109862,318.5
52.833081865777345,310.0
52.86641504045607,299.5
52.89974821513479,289.5
52.933081389813516,279.0
52.96641456449224,263.0
52.999747739170964,248.0
53.03308091384969,229.0
53.06641408852841,216.5
53.099747263207135,203.0
53.13308043788586,190.0
53.16641361256458,175.5
53.199746787243306,167.0
53.23307996192203,156.0
53.266413136600754,152.5
53.29974631127948,150.0
53.3330794859582,146.0
53.366412660636925,145.5
53.39974583531565,146.5
53.43307900999437,150.0
53.466412184673096,153.0
53.49974535935182,158.5
53.533078534030544,167.5
53.56641170870927,178.0
53.59974488338799,191.0
53.633078058066715,205.0
53.66641123274544,220.0
53.69974440742416,233.5
53.73307758210289,249.0
53.76641075678161,263.0
53.799743931460334,279.0
53.83307710613906,288.5
53.86641028081778,299.5
53.899743455496505,309.5
53.93307663017523,318.0
53.96640980485395,322.5
53.99974297953268,325.5
54.0330761542114,326.5
54.066409328890124,326.5
54.09974250356885,325.0
54.13307567824757,318.5
54.166408852926295,310.5
54.19974202760502,303.0
54.23307520228374,291.5
54.26640837696247,280.0
54.29974155164119,265.0
54.333074726319914,251.5
54.36640790099864,236.0
54.39974107567736,221.0
54.433074250356086,211.0
54.46640742503481,194.5
54.49974059971353,181.0
54.53307377439226,170.5
54.56640694907098,162.0
54.599740123749704,154.0
54.63307329842843,151.0
54.66640647310715,149.5
54.699739647785876,148.5
54.7330728224646,148.5
54.76640599714332,148.5
54.79973917182205,153.0
54.83307234650077,158.0
54.866405521179495,168.5
54.89973869585822,178.0
54.93307187053694,190.0
54.966405045215666,203.5
54.99973821989439,217.0
55.03307139457311,231.0
55.06640456925184,247.5
55.09973774393056,259.0
55.133070918609285,277.0
55.16640409328801,286.5
55.19973726796673,297.5
55.233070442645456,305.5
55.26640361732418,313.5
55.2997367920029,320.0
55.33306996668163,323.0
55.36640314136035,324.0
55.399736316039075,325.0
55.4330694907178,322.5
55.46640266539652,319.0
55.499735840075246,311.0
55.53306901475397,301.0
55.566402189432694,293.0
55.59973536411142,280.5
55.63306853879014,268.0
55.666401713468865,255.5
55.69973488814759,237.0
55.73306806282631,226.0
55.766401237505036,207.0
55.79973441218376,196.5
55.833067586862484,185.0
55.86640076154121,173.0
55.89973393621993,163.5
55.933067110898655,155.5
55.96640028557738,152.0
55.9997334602561,150.0
56.033066634934826,149.5
56.06639980961355,149.5
56.099732984292274,151.0
56.133066158971,153.0
56.16639933364972,157.0
56.199732508328445,168.0
56.23306568300717,178.5
56.26639885768589,187.5
56.299732032364616,201.5
56.33306520704334,215.0
56.366398381722064,225.5
56.39973155640079,239.5
56.43306473107951,258.5
56.466397905758235,269.0
56.49973108043696,281.5
56.53306425511568,294.0
56.56639742979441,302.0
56.59973060447313,310.5
56.633063779151854,315.0
56.66639695383058,322.0
56.6997301285093,323.0
56.733063303188025,323.0
56.76639647786675,322.0
56.79972965254547,318.0
56.8330628272242,312.5
56.86639600190292,304.0
56.899729176581644,295.0
56.93306235126037,282.0
56.96639552593909,269.0
56.999728700617815,258.5
57.03306187529654,239.5
57.06639504997526,229.0
57.09972822465399,214.0
57.13306139933271,199.5
57.166394574011434,187.5
57.19972774869016,177.5
57.23306092336888,168.5
57.266394098047606,161.5
57.29972727272633,154.0
57.33306044740505,151.5
57.36639362208378,150.0
57.3997267967625,150.0
57.433059971441224,151.0
57.46639314611995,153.0
57.49972632079867,157.5
57.533059495477396,168.0
57.56639267015612,174.5
57.59972584483484,186.0
57.63305901951357,199.0
57.66639219419229,213.0
57.699725368871015,228.5
57.73305854354974,238.5
57.76639171822846,253.0
57.799724892907186,265.5
57.83305806758591,280.0
57.86639124226463,289.5
57.89972441694336,300.0
57.93305759162208,310.0
57.966390766300805,314.0
57.99972394097953,321.0
58.03305711565825,322.0
58.066390290336976,322.5
58.0997234650157,321.5
58.13305663969442,318.5
58.16638981437315,312.5
58.19972298905187,302.5
58.233056163730595,295.5
58.26638933840932,284.0
58.29972251308804,270.5
58.333055687766766,260.0
58.36638886244549,242.5
58.399722037124214,231.5
58.43305521180294,219.5
58.46638838648166,202.0
58.499721561160385,190.0
58.53305473583911,180.0
58.56638791051783,171.0
58.599721085196556,164.0
58.63305425987528,157.5
58.666387434554004,152.5
58.69972060923273,151.0
58.73305378391145,173.5
58.766386958590175,151.5
58.7997201332689,153.5
58.83305330794762,159.5
58.866386482626346,167.5
58.89971965730507,174.5
58.933052831983794,184.5
58.96638600666252,197.0
58.99971918134124,210.0
59.033052356019965,222.0
59.06638553069869,234.5
59.09971870537741,251.0
59.133051880056136,265.5
59.16638505473486,278.5
59.199718229413584,286.0
59.23305140409231,298.0
59.26638457877103,306.5
59.299717753449755,313.0
59.33305092812848,318.5
59.3663841028072,321.5
59.39971727748593,321.5
59.43305045216465,321.0
59.466383626843374,318.0
59.4997168015221,312.0
59.53304997620082,305.0
59.566383150879545,295.5
59.59971632555827,283.0
59.63304950023699,272.5
59.66638267491572,262.5
59.69971584959444,248.0
59.733049024273164,233.5
59.76638219895189,220.5
59.79971537363061,208.0
59.833048548309336,194.5
59.86638172298806,183.0
59.89971489766678,174.5
59.93304807234551,166.0
59.96638124702423,160.0
59.999714421702954,156.5
60.03304759638168,152.0
60.0663807710604,151.5
60.099713945739126,152.0
60.13304712041785,153.5
60.16638029509657,158.0
60.1997134697753,166.5
60.23304664445402,172.0
60.266379819132744,183.5
60.29971299381147,193.0
60.33304616849019,206.0
60.366379343168916,220.5
60.39971251784764,232.0
60.43304569252636,249.5
60.46637886720509,261.5
60.49971204188381,271.0
60.533045216562535,284.5
60.56637839124126,294.5
60.59971156591998,304.5
60.633044740598706,310.5
60.66637791527743,314.0
60.69971108995615,316.5
60.73304426463488,319.5
60.7663774393136,318.5
60.799710613992325,317.5
60.83304378867105,312.0
60.86637696334977,304.5
60.899710138028496,296.0
60.93304331270722,287.5
60.96637648738594,277.5
60.99970966206467,262.0
61.03304283674339,251.5
61.066376011422115,235.5
61.09970918610084,227.0
61.13304236077956,212.5
61.166375535458286,197.5
61.19970871013701,186.5
61.233041884815734,177.0
61.26637505949446,168.5
61.29970823417318,162.0
61.333041408851905,159.0
61.36637458353063,156.0
61.39970775820935,155.5
61.433040932888076,156.0
61.4663741075668,157.5
61.499707282245524,160.0
61.53304045692425,166.0
61.56637363160297,173.5
61.599706806281695,181.0
61.63303998096042,192.5
61.66637315563914,205.5
61.699706330317866,219.5
61.73303950499659,231.5
61.766372679675314,243.5
61.79970585435404,259.0
61.83303902903276,269.0
61.866372203711485,283.5
61.89970537839021,291.0
61.93303855306893,300.0
61.96637172774766,308.5
61.99970490242638,314.0
62.033038077105104,314.5
62.06637125178383,316.5
62.09970442646255,316.5
62.133037601141275,317.5
62.16637077582,312.0
62.19970395049872,305.0
62.23303712517745,298.0
62.26637029985617,288.0
62.299703474534894,278.5
62.33303664921362,265.0
62.36636982389234,254.5
62.399702998571065,237.5
62.43303617324979,223.0
62.46636934792851,214.5
62.49970252260724,200.5
62.53303569728596,188.5
62.566368871964684,179.5
62.59970204664341,170.0
62.63303522132213,164.5
62.666368396000856,160.5
62.69970157067958,157.5
62.7330347453583,156.5
62.76636792003703,178.5
62.79970109471575,158.0
62.833034269394474,160.0
62.8663674440732,166.5
62.89970061875192,172.0
62.933033793430646,182.5
62.96636696810937,192.0
62.99970014278809,204.0
63.03303331746682,216.5
63.06636649214554,230.5
63.099699666824264,239.0
63.13303284150299,258.0
63.16636601618171,265.0
63.199699190860436,279.5
63.23303236553916,289.0
63.26636554021788,299.0
63.29969871489661,305.0
63.33303188957533,311.0
63.366365064254055,313.5
63.39969823893278,314.5
63.4330314136115,314.5
63.466364588290226,313.5
63.49969776296895,312.0
63.53303093764767,304.5
63.5663641123264,298.5
63.59969728700512,289.0
63.633030461683845,279.5
63.66636363636257,267.5
63.69969681104129,257.0
63.733029985720016,242.0
63.76636316039874,229.5
63.79969633507746,216.0
63.83302950975619,203.5
63.86636268443491,193.5
63.899695859113635,184.0
63.93302903379236,173.0
63.96636220847108,165.5
63.999695383149806,163.0
64.03302855782853,158.5
64.06636173250726,157.0
64.09969490718599,157.0
64.13302808186472,158.0
64.16636125654345,162.5
64.19969443122218,163.0
64.23302760590092,172.0
64.26636078057965,182.5
64.29969395525838,191.0
64.33302712993711,202.0
64.36636030461584,216.5
64.39969347929457,229.0
64.4330266539733,238.5
64.46635982865203,254.5
64.49969300333076,264.0
64.5330261780095,278.5
64.56635935268822,287.5
64.59969252736695,296.5
64.63302570204569,305.5
64.66635887672442,309.0
64.69969205140315,312.5
64.73302522608188,313.5
64.76635840076061,314.0
64.79969157543934,313.0
64.83302475011807,311.5
64.8663579247968,306.0
64.89969109947553,298.5
64.93302427415426,290.5
64.966357448833,280.5
64.99969062351173,267.5
65.03302379819046,259.0
65.06635697286919,244.5
65.09969014754792,231.0
65.13302332222665,218.0
65.16635649690538,205.0
65.19968967158411,197.5
65.23302284626284,183.5
65.26635602094157,174.5
65.2996891956203,168.0
65.33302237029903,163.0
65.36635554497776,160.0
65.3996887196565,158.5
65.43302189433523,158.0
65.46635506901396,159.5
65.49968824369269,161.0
65.53302141837142,166.0
65.56635459305015,172.0
65.59968776772888,182.0
65.63302094240761,190.5
65.66635411708634,200.5
65.69968729176507,215.0
65.7330204664438,228.0
65.76635364112254,237.0
65.79968681580127,254.5
65.83301999048,262.5
65.86635316515873,276.5
65.89968633983746,285.0
65.93301951451619,291.5
65.96635268919492,300.5
65.99968586387365,307.0
66.03301903855238,310.5
66.06635221323111,313.0
66.09968538790984,313.5
66.13301856258857,312.5
66.1663517372673,311.5
66.19968491194604,306.0
66.23301808662477,299.0
66.2663512613035,290.5
66.29968443598223,281.0
66.33301761066096,269.5
66.36635078533969,258.5
66.39968396001842,247.5
66.43301713469715,232.0
66.46635030937588,220.5
66.49968348405461,209.0
66.53301665873335,198.5
66.56634983341208,186.5
66.5996830080908,178.0
66.63301618276954,169.0
66.66634935744827,166.5
66.699682532127,162.5
66.73301570680573,159.0
66.76634888148446,158.5
66.79968205616319,183.5
66.83301523084192,161.0
66.86634840552065,165.5
66.89968158019938,172.5
66.93301475487812,180.5
66.96634792955685,187.0
66.99968110423558,198.5
67.03301427891431,214.0
67.06634745359304,222.0
67.09968062827177,235.0
67.1330138029505,250.0
67.16634697762923,261.0
67.19968015230796,270.0
67.2330133269867,281.0
67.26634650166542,290.5
67.29967967634416,301.0
67.33301285102289,306.0
67.36634602570162,309.5
67.39967920038035,310.5
67.43301237505908,312.5
67.46634554973781,312.5
67.49967872441654,311.0
67.53301189909527,306.0
67.566345073774,301.5
67.59967824845273,290.0
67.63301142313146,283.0
67.6663445978102,269.5
67.69967777248893,261.0
67.73301094716766,249.5
67.76634412184639,235.5
67.79967729652512,227.0
67.83301047120385,214.5
67.86634364588258,201.5
67.89967682056131,188.0
67.93300999524004,181.5
67.96634316991877,172.0
67.9996763445975,168.0
68.03300951927623,165.5
68.06634269395497,163.5
68.0996758686337,162.5
68.13300904331243,184.5
68.16634221799116,164.5
68.19967539266989,167.5
68.23300856734862,171.5
68.26634174202735,181.5
68.29967491670608,187.5
68.33300809138481,199.5
68.36634126606354,209.5
68.39967444074227,221.5
68.433007615421,234.0
68.46634079009974,247.5
68.49967396477847,259.0
68.5330071394572,269.0
68.56634031413593,280.5
68.59967348881466,289.0
68.63300666349339,300.0
68.66633983817212,305.0
68.69967301285085,307.0
68.73300618752958,310.0
68.76633936220831,310.5
68.79967253688704,310.5
68.83300571156578,310.5
68.8663388862445,306.5
68.89967206092324,301.5
68.93300523560197,291.0
68.9663384102807,282.0
68.99967158495943,273.5
69.03300475963816,264.5
69.06633793431689,251.0
69.09967110899562,238.0
69.13300428367435,229.0
69.16633745835308,215.0
69.19967063303181,205.0
69.23300380771055,189.5
69.26633698238928,183.5
69.29967015706801,174.0
69.33300333174674,169.0
69.36633650642547,166.0
69.3996696811042,186.5
69.43300285578293,163.0
69.46633603046166,163.5
69.49966920514039,164.5
69.53300237981912,167.5
69.56633555449785,171.5
69.59966872917659,176.5
69.63300190385532,187.0
69.66633507853405,202.0
69.69966825321278,211.5
69.73300142789151,225.5
69.76633460257024,231.0
69.79966777724897,247.5
69.8330009519277,258.5
69.86633412660643,268.0
69.89966730128516,279.5
69.9330004759639,286.5
69.96633365064262,296.0
69.99966682532136,304.0
